asset,n_obs,ann_return,ann_vol,VaR_95_hist,CVaR_95_hist,max_drawdown
XIU,390,0.23843974459061598,0.1312331016205994,-0.012758212544344404,-0.019672288627862543,-0.13007099391480526
VFV,390,0.15775473565548015,0.17294315762826676,-0.015466893758381355,-0.026101522704912845,-0.1939226873517521
XEF,390,0.18600128359624418,0.14356833323800527,-0.011915729226779028,-0.020949681434121473,-0.14326443335709127
ZAG,390,0.014050802851100146,0.051620897585495075,-0.005072727272727255,-0.00728152604480047,-0.042897327707452027
GLD,390,0.5001396193985734,0.21905059998076346,-0.01830475492389314,-0.030640340310316004,-0.13867715265174396
RY,390,0.30164146693998584,0.16705592359672858,-0.01526231265077949,-0.02407016393734179,-0.15356975472582057
PORTFOLIO,390,0.20204934502226213,0.0999083394730193,-0.00973763801953901,-0.014688991036429011,-0.09566593303850746
