scenario,shock_only_portfolio_return,VaR95_base,VaR95_shocked,CVaR95_base,CVaR95_shocked
"All risk-off: equities -8%, bonds -2%, gold +2%",-0.058,0.009737638,0.067737638,0.014688991,0.072688991
Equity shock: XIU & VFV -10%,-0.045,0.009737638,0.054737638,0.014688991,0.059688991
Bank shock: RY -8%,-0.008,0.009737638,0.017737638,0.014688991,0.022688991
Bond shock: ZAG -3%,-0.006,0.009737638,0.015737638,0.014688991,0.020688991
International shock: XEF -2%,-0.003,0.009737638,0.012737638,0.014688991,0.017688991
Gold rally: GLD +3%,0.003,0.009737638,0.006737638,0.014688991,0.011688991