confidence,breaches,breach_rate,expected
95%,20,0.05128205128205128,0.05
99%,4,0.010256410256410256,0.01
