confidence,VaR_threshold,breaches,breach_rate,expected
95%,-0.009737638,20,0.051282051,0.05
99%,-0.017663594,4,0.01025641,0.01